seed,best_value,weight_used,runtime_s,iters_to_best
0,164045,2025,0.3063781261444092,0
1,164045,2025,0.3043091297149658,0
2,164045,2025,0.30102062225341797,0
3,164045,2025,0.29956889152526855,0
4,164045,2025,0.29992127418518066,0
5,164045,2025,0.29911041259765625,0
6,164045,2025,0.30049753189086914,0
7,164045,2025,0.30175042152404785,0
8,164045,2025,0.29903244972229004,0
9,164045,2025,0.3034670352935791,0
