seed,best_value,weight_used,runtime_s,iters_to_best
0,164045,2225,0.29831814765930176,0
1,164045,2225,0.2956559658050537,0
2,164045,2225,0.29958438873291016,0
3,164045,2225,0.29790592193603516,0
4,164045,2225,0.30109715461730957,0
5,164045,2225,0.29971861839294434,0
6,164045,2225,0.29451656341552734,0
7,164045,2225,0.29862308502197266,0
8,164045,2225,0.30342626571655273,0
9,164045,2225,0.30195164680480957,0
