seed,best_value,weight_used,runtime_s,iters_to_best
0,970,970,1.081319808959961,0
1,970,970,1.0942583084106445,0
2,970,970,1.094865083694458,0
3,970,970,1.126852035522461,0
4,970,970,1.09006667137146,0
5,970,970,1.0854830741882324,0
6,970,970,1.0813488960266113,0
7,970,970,1.0736653804779053,0
8,970,970,1.0824427604675293,0
9,970,970,1.0756556987762451,0
