seed,best_value,weight_used,runtime_s,iters_to_best
0,1989,969,1.883296251296997,0
1,1989,969,1.8929994106292725,0
2,1989,969,1.8788387775421143,0
3,1989,969,1.8884613513946533,0
4,1989,969,1.8801121711730957,0
5,1989,969,1.8896706104278564,0
6,1989,969,1.8944220542907715,0
7,1989,969,1.892287015914917,0
8,1989,969,1.9044885635375977,0
9,1989,969,1.8980422019958496,0
