seed,best_value,weight_used,runtime_s,iters_to_best
0,164045,1625,0.2851259708404541,0
1,164045,1625,0.2837691307067871,0
2,164045,1625,0.28772616386413574,0
3,164045,1625,0.28581714630126953,0
4,164045,1625,0.2851901054382324,0
5,164045,1625,0.28767967224121094,0
6,164045,1625,0.2875056266784668,0
7,164045,1625,0.2849256992340088,0
8,164045,1625,0.28577160835266113,0
9,164045,1625,0.28670334815979004,0
