seed,best_value,weight_used,runtime_s,iters_to_best
0,1428,924,0.6456012725830078,0
1,1428,924,0.58994460105896,0
2,1428,924,0.6872773170471191,0
3,1428,924,0.6215837001800537,0
4,1428,924,0.5730636119842529,0
5,1428,924,0.5714125633239746,0
6,1428,924,0.5697426795959473,0
7,1428,924,0.5755305290222168,0
8,1428,924,0.5697934627532959,0
9,1428,924,0.5730881690979004,0
