seed,best_value,weight_used,runtime_s,iters_to_best
0,1428,924,0.5858514308929443,0
1,1428,924,0.580765962600708,0
2,1428,924,0.5794947147369385,0
3,1428,924,0.584770917892456,0
4,1428,924,0.5867586135864258,0
5,1428,924,0.5893199443817139,0
6,1428,924,0.6121892929077148,0
7,1428,924,0.5920565128326416,0
8,1428,924,0.5900051593780518,0
9,1428,924,0.6151971817016602,0
